{"cameraMode":{"drawMode":0,"name":"Shaded","section":"Shading Mode"},"sceneLighting":true,"audioPlay":false,"sceneViewState":{"showFog":true,"showMaterialUpdate":false,"showSkybox":true,"showFlares":true,"showImageEffects":true,"showParticleSystems":true},"in2DMode":false,"pivot":{"x":-17.412567138671876,"y":-1.0204830169677735,"z":-8.782325744628907},"rotation":{"x":-0.2575914263725281,"y":0.19912856817245484,"z":-0.05434007570147514,"w":-0.9439500570297241},"size":21.89440155029297,"orthographic":false}