{"cameraMode":{"drawMode":0,"name":"Shaded","section":"Shading Mode"},"sceneLighting":false,"audioPlay":false,"sceneViewState":{"showFog":true,"showMaterialUpdate":false,"showSkybox":false,"showFlares":true,"showImageEffects":true,"showParticleSystems":true},"in2DMode":false,"pivot":{"x":0.7012391090393066,"y":1.2224189043045045,"z":0.8566782474517822},"rotation":{"x":-0.12802590429782868,"y":0.4324060082435608,"z":-0.06217506527900696,"w":-0.8903756141662598},"size":6.668334484100342,"orthographic":false}